Real_Close,Predicted_Close,Absolute_Error,Direction_Real,Direction_Pred
0.514606658263513,0.6693825,0.15477585430591445,,
0.5297619930303255,0.669393,0.1396310099565825,1.0,1.0
0.5227033439608512,0.66940325,0.14669991102495816,-1.0,1.0
0.506243048861867,0.66940874,0.16316568975126167,-1.0,1.0
0.508623118558612,0.6694302,0.16080707772663583,1.0,1.0
0.5024987024542151,0.669419,0.1669202881578149,-1.0,-1.0
0.4956105879736043,0.66938514,0.1737745472001933,-1.0,-1.0
0.5018091495514199,0.669377,0.1675678793906883,1.0,-1.0
0.4879513605694373,0.6693563,0.18140492595628904,-1.0,-1.0
0.4935419292652183,0.6693861,0.17584415958289573,1.0,1.0
0.48137465707718546,0.66940325,0.18802859790862386,-1.0,1.0
0.47879439460220957,0.66940707,0.19061267508086538,-1.0,1.0
0.5019574404982575,0.6693608,0.16740337598047172,1.0,-1.0
0.4893675391117373,0.66932434,0.1799567993243894,-1.0,-1.0
0.4694149922147253,0.6693184,0.19990338575692385,-1.0,-1.0
0.469622599540298,0.66936654,0.19974393898432968,1.0,1.0
0.4592718914510269,0.66936773,0.21009583916649627,-1.0,1.0
0.47747460517535406,0.6693589,0.19188430395474237,1.0,-1.0
0.4815377771187069,0.66934913,0.1878113568496464,1.0,-1.0
0.4876399495810781,0.6693463,0.18170632336432596,1.0,-1.0
0.4850671016534441,0.6693577,0.18429061538375685,-1.0,1.0
0.5034181063246088,0.6693284,0.16591028522736262,1.0,-1.0
0.4973455920516053,0.66933674,0.1719911441506347,-1.0,1.0
0.48786238600133464,0.6693713,0.18150892089487508,-1.0,1.0
0.49284496181508125,0.66936487,0.17651990777949272,1.0,-1.0
0.4830132720397419,0.6694009,0.18638759876027639,-1.0,1.0
0.48073700600578345,0.66942924,0.18869223660514794,-1.0,1.0
0.46903685030028924,0.6694018,0.20036497417404547,-1.0,-1.0
0.46449173277971384,0.66942924,0.20493750983121756,-1.0,1.0
0.45474901757247715,0.6694159,0.21466687359802455,-1.0,-1.0
0.4641358345073034,0.66942495,0.20528911656920418,1.0,1.0
0.4775932379328242,0.6694643,0.19187105220923512,1.0,1.0
0.48038852228071477,0.6694383,0.1890497802362225,1.0,-1.0
0.4928894490991325,0.66945595,0.17656649639265826,1.0,1.0
0.482687031956699,0.6694183,0.18673124339959374,-1.0,-1.0
0.47252910209831694,0.66940707,0.196877967584758,-1.0,-1.0
0.480952027878698,0.6694116,0.18845957175737987,1.0,1.0
0.4663008823311337,0.66946167,0.2031607852065555,-1.0,1.0
0.46089567731889974,0.6694688,0.2085731427761625,-1.0,1.0
0.4662934677837918,0.66947454,0.20318107435716887,1.0,1.0
0.4407651812856825,0.66949815,0.22873296429460926,-1.0,1.0
0.43358048491139617,0.66946,0.23587951369623933,-1.0,-1.0
0.4246904426484763,0.66946644,0.24477599326079497,-1.0,1.0
0.42849410543486316,0.6694128,0.24091868629411023,1.0,-1.0
0.4103729517312968,0.6694235,0.2590505688337362,-1.0,1.0
0.41749091717950626,0.6694271,0.2519361796642132,1.0,1.0
0.43164528805516417,0.6694109,0.2377655963251764,1.0,-1.0
0.4269963668718025,0.6694264,0.2424300147161797,-1.0,1.0
0.4370356639727145,0.6694028,0.23236711417593664,1.0,-1.0
0.4414324905464522,0.66939324,0.22796075085903483,1.0,-1.0
0.4372358567509454,0.6694147,0.2321788423266608,-1.0,1.0
0.4492400088974568,0.6693947,0.22015466301950487,1.0,-1.0
0.4486765032994737,0.6693885,0.22071196973443136,-1.0,-1.0
0.44549566248980504,0.6693644,0.22386873026761073,-1.0,-1.0
0.45251723882256983,0.6693849,0.21686765793264867,1.0,1.0
0.4377400459701935,0.669404,0.23166392427135313,-1.0,1.0
0.42116111811373913,0.6694009,0.24823975268627918,-1.0,-1.0
0.4304886186698303,0.6694457,0.2389570748230591,1.0,1.0
0.4277081634166235,0.669383,0.2416748259899622,-1.0,-1.0
0.4462148735819678,0.6693775,0.22316263219729854,1.0,-1.0
0.4685771483650924,0.6693825,0.2008053642043351,1.0,1.0
0.47232149477274415,0.6693973,0.19707579974858763,1.0,1.0
0.4680952027878698,0.66941446,0.2013192578711573,-1.0,1.0
0.4923111144064655,0.66942686,0.17711574401867486,1.0,1.0
0.467895010009639,0.6693999,0.2015049071160629,-1.0,-1.0
0.46346852524653365,0.6693968,0.20592829243763994,-1.0,-1.0
0.48016608586045834,0.66940206,0.18923597703245548,1.0,1.0
0.4692222139838363,0.66940635,0.20018414044350136,-1.0,1.0
0.45078223474456885,0.6694302,0.21864796154067895,-1.0,1.0
0.4457477570994291,0.6694283,0.2236805318371859,-1.0,-1.0
0.44331578557129087,0.66943043,0.22611464913253604,-1.0,1.0
0.43338770668050713,0.66945785,0.23607014615991645,-1.0,1.0
0.4416771706087344,0.669439,0.22776184716394016,1.0,-1.0
0.45225031511826214,0.6694333,0.217182980608514,1.0,-1.0
0.4503596055460814,0.6694228,0.21906319976321426,-1.0,-1.0
0.4445985022614369,0.6694173,0.22481881942053944,-1.0,-1.0
0.45359976273448505,0.66942686,0.21582709569065534,1.0,1.0
0.4318751390227627,0.6694171,0.23754194424063452,-1.0,-1.0
0.4257358938236821,0.66944665,0.2437107533435237,-1.0,1.0
0.42194706013197897,0.66943306,0.24748599717621805,-1.0,-1.0
0.4328242010825239,0.66940874,0.23658453753060477,1.0,-1.0
0.4447542077556165,0.66944784,0.2246936315044848,1.0,1.0
0.43561948543041445,0.6694054,0.23378591532260679,-1.0,-1.0
0.44419811670497517,0.6694123,0.22521419818684002,1.0,1.0
0.45095276933343215,0.6694376,0.2184848179277678,1.0,1.0
0.45515681767628086,0.66938514,0.21422831749751675,1.0,-1.0
0.4526581152220657,0.6693613,0.21670317809382172,-1.0,-1.0
0.45621709794617044,0.66937274,0.2131556394615139,1.0,1.0
0.44356046563357304,0.6693422,0.22578175419598628,-1.0,-1.0
0.42752279973307633,0.6693365,0.24181369805058456,-1.0,-1.0
0.4302142804181805,0.6693577,0.23914343661902043,1.0,1.0
0.4186550011121821,0.669373,0.2507179747140813,-1.0,1.0
0.43378809223696896,0.6694061,0.2356180237717896,1.0,1.0
0.43664269296359465,0.66940826,0.2327655688123758,1.0,1.0
0.43442574330837097,0.66939825,0.23497250488727722,-1.0,-1.0
0.44241121079558093,0.6694042,0.2269929978645448,1.0,1.0
0.45000370727367095,0.66937655,0.219372844831279,1.0,-1.0
0.43097797879439464,0.6693978,0.23841979256409535,-1.0,1.0
0.4325572773782161,0.6693768,0.23681951314531297,1.0,-1.0
0.4271298287239564,0.6693656,0.2422357561263549,-1.0,-1.0
0.44047601393934904,0.66931003,0.22883401938203157,1.0,-1.0
0.43107436790983905,0.66931766,0.23824329480607281,-1.0,1.0
0.4286275672870172,0.6693644,0.2407368254703986,-1.0,1.0
0.41955957588789206,0.66941303,0.24985345425966043,-1.0,1.0
0.4265070067472381,0.66942996,0.24292295111943057,1.0,1.0
0.4287462000444873,0.66944,0.24069377140250364,1.0,1.0
0.44179580336620444,0.6694247,0.22762890929172402,1.0,-1.0
0.4391265663231259,0.66938823,0.23026166829220002,-1.0,-1.0
0.4468970119374212,0.6694073,0.22251029616423285,1.0,1.0
0.44333061466597473,0.6694104,0.22607979287720764,-1.0,1.0
0.43989767924668194,0.6694321,0.22953442438719868,-1.0,1.0
0.43745829317120194,0.66944474,0.23198644664737106,-1.0,1.0
0.43566397271446583,0.6694152,0.23375120320029857,-1.0,-1.0
0.4381552606213391,0.669408,0.23125276273605228,1.0,-1.0
0.4422629198487433,0.6694178,0.22715487867039125,1.0,1.0
0.4385482316304589,0.66935676,0.2308085317324256,-1.0,-1.0
0.4425891599317861,0.6693863,0.226797167334907,1.0,1.0
0.44938829984429446,0.6693854,0.21999707374808225,1.0,-1.0
0.4540965374063914,0.66939014,0.21529360455756735,1.0,1.0
0.4627344850596871,0.6693916,0.20665708741574623,1.0,1.0
0.46907392303699863,0.6694073,0.20033338506465542,1.0,1.0
0.4635871580040039,0.6693899,0.20580274554137573,-1.0,-1.0
0.47296656039148816,0.6693947,0.19642811152547351,1.0,1.0
0.46266033958626834,0.66940135,0.20674100805090817,-1.0,1.0
0.469689330466375,0.6694285,0.19973919688881908,1.0,1.0
0.4860384073552309,0.6694161,0.1833777222338499,1.0,-1.0
0.49575146437309997,0.6694035,0.17365202903128846,1.0,-1.0
0.49807221769110993,0.66935104,0.17127882362587615,1.0,-1.0
0.49354934381256027,0.66935223,0.17580288959732132,-1.0,1.0
0.5103136353525617,0.6693472,0.15903359126715877,1.0,-1.0
0.5015496403944538,0.66938585,0.1678362100350811,-1.0,1.0
0.49664862460146814,0.66937464,0.172726020154849,-1.0,-1.0
0.48849262252539477,0.66940135,0.18090872511178174,-1.0,1.0
0.483524875806332,0.66936606,0.18584118588113746,-1.0,-1.0
0.4794691184103211,0.6693532,0.18988406867387692,-1.0,-1.0
0.47232149477274415,0.6693401,0.19701857928960326,-1.0,-1.0
0.4713576036182992,0.66936845,0.1980108422549613,-1.0,1.0
0.4634833543412175,0.6693556,0.2058722169287715,-1.0,-1.0
0.46848075924964777,0.6693463,0.20086551369575628,1.0,-1.0
0.46166679024245577,0.6693036,0.2076368057772891,-1.0,-1.0
0.46349818343590127,0.66932696,0.20582877760459556,1.0,1.0
0.4678653518202714,0.66928285,0.20141750178309165,1.0,-1.0
0.4577593237932825,0.6692962,0.21153688125051023,-1.0,1.0
0.44949951805442273,0.6693556,0.21985605321556628,-1.0,1.0
0.44460591680877887,0.66933674,0.22473081939346112,-1.0,-1.0
0.4482316304589606,0.6693453,0.22111368881212706,1.0,1.0
0.4580188329502484,0.6693277,0.2113088433459857,1.0,-1.0
0.46377252168755095,0.6693136,0.20554108791251618,1.0,-1.0
0.44987024542151693,0.66928595,0.21941570762337442,-1.0,-1.0
0.44562912434195895,0.6692988,0.2236697033062039,-1.0,1.0
0.4438792911692741,0.6693277,0.22544838512696003,-1.0,1.0
0.45081930748127824,0.66929954,0.2184802354226219,1.0,-1.0
0.45444502113145996,0.66931814,0.2148731184216101,1.0,1.0
0.45732928004745305,0.66929764,0.2119683555078143,1.0,-1.0
0.46150367020093425,0.66931456,0.2078108930734493,1.0,1.0
0.4433009564766071,0.66932434,0.2260233819595196,-1.0,1.0
0.4475494921035071,0.6693432,0.22179368140036865,1.0,1.0
0.4345517906131831,0.6693546,0.2348028269824895,-1.0,1.0
0.43226069548454066,0.66936034,0.2370996441570304,-1.0,1.0
0.44206272707051236,0.6693463,0.2272835458748917,1.0,-1.0
0.42772299251130724,0.66933244,0.24160945215650892,-1.0,-1.0
0.424645955364425,0.6693191,0.24467313786296147,-1.0,-1.0
0.41386520352932454,0.6693513,0.25548607620624064,-1.0,1.0
0.41858827018610517,0.6693718,0.25078351354726275,1.0,1.0
0.4147697783050345,0.6693775,0.2546077274742319,-1.0,1.0
0.4085119003484838,0.6693961,0.2608842020799525,-1.0,1.0
0.4150960183880774,0.6693718,0.2542757653452905,1.0,-1.0
0.42277748943427,0.6693863,0.2466088378324231,1.0,1.0
0.4163416623415141,0.66937655,0.25303488976343586,-1.0,-1.0
0.41891451026914805,0.66938704,0.25047253225328237,1.0,1.0
0.4226217839400904,0.6694302,0.24680841234515738,1.0,1.0
0.4209535107881664,0.66940826,0.24845475098780406,-1.0,-1.0
0.4169941425075999,0.6694178,0.2524236560115346,-1.0,1.0
0.42010825239119154,0.6694078,0.24929953254762072,1.0,-1.0
0.43083710239489886,0.66937417,0.23853706552426007,1.0,-1.0
0.4289167346333506,0.6694023,0.2404855666781423,-1.0,1.0
0.43494476162230294,0.66938275,0.23443798936570365,1.0,-1.0
0.43891895899755323,0.6694409,0.23052196612375414,1.0,1.0
0.43352116853266104,0.6694364,0.2359152266356434,-1.0,-1.0
0.4366278638689109,0.669424,0.23279613353328027,1.0,-1.0
0.4505301401349448,0.6694235,0.21889338043008816,1.0,-1.0
0.4355675835990213,0.6693987,0.23383114143378508,-1.0,-1.0
0.41585971676429156,0.6693794,0.2535196963636076,-1.0,-1.0
0.3835619485430415,0.66940373,0.28584178327992604,-1.0,1.0
0.3650107510936458,0.6694023,0.30439155021784714,-1.0,-1.0
0.3755245792244384,0.66942424,0.2938996565963319,1.0,1.0
0.34777192852376365,0.66941184,0.32163990953089333,-1.0,-1.0
0.3865722547638467,0.66940564,0.28283338440775363,1.0,-1.0
0.36377993623489285,0.6694152,0.30563523967987155,-1.0,1.0
0.3755764810558315,0.66941136,0.29383488016166726,1.0,-1.0
0.3740120115666939,0.669419,0.29540697904533614,-1.0,1.0
0.3765403722102766,0.6694302,0.2928898240749712,1.0,1.0
0.37478312449024986,0.66940755,0.2946244220299833,-1.0,-1.0
0.3851412471268629,0.669342,0.28420073428411735,1.0,-1.0
0.39579595165715137,0.6693434,0.27354746026530347,1.0,1.0
0.39088752131682364,0.6693503,0.27846280474442514,-1.0,1.0
0.39873952695187953,0.66940993,0.27067040375414464,1.0,1.0
0.3842144287091273,0.6693856,0.2851711833018285,-1.0,-1.0
0.3879142878327278,0.66941637,0.2815020801749321,1.0,1.0
0.3903610884555498,0.6693992,0.2790381134144148,1.0,-1.0
